2503|207|||1|"Hey, how are you?"
2504|207|||2|"I'm doing okay. How was your day?"
2505|207|||1|"It was really good. I got a lot done and I'm feeling really productive."
2506|207|||2|"That's great to hear! Sounds like you're on a roll."
2507|207|||1|"Yeah, I'm really proud of myself. I'm starting to get into a good routine and it's really helping me stay focused."
2508|207|||2|"That's awesome! Routines can be so helpful for keeping us on track. What's been the most helpful part of your routine?"
2509|207|||1|"I've been making sure to take breaks throughout the day. Even if it's just for a few minutes, it helps me stay energized and motivated."
2510|207|||2|"That's a great idea. Taking regular breaks can really help with productivity and creativity. What do you like to do during those breaks?"
2511|207|||1|"I like to take a walk outside or spend some time with my pet. It helps me clear my head and relax."
2512|207|||2|"That sounds like a great way to take a break. It's important to give yourself some time to just be and recharge."
2513|207|||1|"Definitely. I'm glad I'm taking the time to do it. It's made all the difference."
2514|207|||2|"That's fantastic. It's so important to listen to our bodies and take care of ourselves. I'm really proud of you for doing that!"
2515|208|||1|"Hey! I had a really busy day today."
2516|208|||2|"Oh wow, what happened?"
2517|208|||1|"Well, I had a meeting with my boss this morning to discuss a project I'm working on, then I had to finish up a presentation for a client, and then I had to work on a report for my team."
2518|208|||2|"That sounds like a lot! How did it all go?"
2519|208|||1|"It went pretty well. I felt like I was able to handle it all and I'm happy with the results."
2520|208|||2|"That's great to hear! You should be proud of yourself for taking on all of that and doing it well."
2521|208|||1|"Thanks! It was a bit overwhelming at times, but I'm glad I was able to get it all done."
2522|208|||2|"That's the spirit! You're always so organized and on top of things. I'm sure you'll do great with the next project too."
2523|208|||1|"Thanks for the encouragement. It really helps."
2524|208|||2|"Anytime! You know I'm always here to listen and support you."
2525|209|||1|"Hey, how are you?"
2526|209|||2|"I'm doing well, how about you?"
2527|209|||1|"I'm okay, I had a really long day at work."
2528|209|||2|"That sounds rough. What happened?"
2529|209|||1|"My boss had me working on a really tedious project and I was stuck at the office late trying to finish it."
2530|209|||2|"That sounds really frustrating. Do you have any support at work?"
2531|209|||1|"Not really, it's just me and my boss. He's really demanding and doesn't really care about how I'm feeling."
2532|209|||2|"That sounds really difficult. Have you tried talking to him about it?"
2533|209|||1|"Yeah, but he just brushes it off and tells me to focus on the task at hand. I don't think he really gets it."
2534|209|||2|"It sounds like he's not taking your feelings into account. Have you thought about talking to someone else about it?"
2535|209|||1|"I'm not sure who I could talk to. I don't want to get anyone else in trouble."
2536|209|||2|"That's understandable. Have you thought about talking to HR or your union rep? They might be able to help you find a solution that works for everyone."
2537|209|||1|"That's a good idea. I'll look into it. Thanks for listening and for the advice."
2538|209|||2|"Of course. I'm always here to listen and help out if I can. Let me know if you need anything else."
2539|210|||1|"Hey, how are you?"
2540|210|||2|"I'm doing alright, how about you?"
2541|210|||1|"I'm doing great. I had a really productive day. I was able to finish a project that's been on my to-do list for a while."
2542|210|||2|"That's fantastic! It's so satisfying to cross something off your list. What was the project?"
2543|210|||1|"It was a website I've been working on for a few weeks. I'm really proud of how it turned out."
2544|210|||2|"That's awesome! I'm sure it looks great. What was the most challenging part of the project?"
2545|210|||1|"The most challenging part was debugging the code. I had to go through line by line to make sure everything was working properly."
2546|210|||2|"That sounds like a lot of work. It's so rewarding when you finally find the bug and can move on. What did you do to celebrate finishing the project?"
2547|210|||1|"I treated myself to a nice dinner and then watched a movie. It was a great way to end the day."
2548|210|||2|"That sounds like a great way to reward yourself for all your hard work. It's important to take time to relax and enjoy the fruits of your labor."
2549|210|||1|"You're right. I'm feeling really motivated now. I'm already looking forward to tackling my next project!"
2550|210|||2|"That's great! It's great to have that kind of enthusiasm. Just remember to take breaks and not to burn yourself out."
2551|211|||1|"Hey, how are you doing?"
2552|211|||2|"I'm doing alright, how about you?"
2553|211|||1|"I'm doing okay. I had a pretty eventful day. I had to make a presentation in front of my class and it went really well."
2554|211|||2|"That's great! I'm sure you were nervous, but I'm sure you did great. How did it feel to finish?"
2555|211|||1|"It felt really good. I think I was more relieved than anything else. I was really worried about it beforehand, but it went really well."
2556|211|||2|"That's wonderful. It's always a great feeling when you can tackle something that you were worried about."
2557|211|||1|"Yeah, it was a great feeling. I was really surprised at how well it went. I was worried that I wouldn't be able to do it, but it all worked out in the end."
2558|211|||2|"That's fantastic. It's always a great feeling when you can overcome something that you were worried about. It's a great feeling of accomplishment."
2559|211|||1|"Definitely. It was a great feeling. I'm really glad that I was able to do it. I'm feeling a lot more confident now."
2560|211|||2|"That's great! It's always a great feeling when you can take on something that you were worried about and come out on top. You should be proud of yourself."
2561|212|||1|"Hey, how are you?"
2562|212|||2|"I'm doing okay. How about you?"
2563|212|||1|"I'm doing great! I had a really good day today."
2564|212|||2|"That's fantastic! What made it so good?"
2565|212|||1|"Well, I had a really productive day at work. I was able to finish a huge project that I had been working on for weeks. It felt really satisfying to finally complete it!"
2566|212|||2|"That's awesome! It's always so gratifying to finish a big project. What did you do to celebrate?"
2567|212|||1|"I went out for dinner with some of my work friends. We had a great time catching up and celebrating the successful completion of the project."
2568|212|||2|"That sounds like a great way to celebrate! It's so important to take the time to recognize your accomplishments and enjoy the fruits of your labor."
2569|212|||1|"It really was. I'm feeling so proud of myself for finishing the project and I'm so grateful to have such supportive friends to celebrate with."
2570|212|||2|"That's wonderful! It's so important to recognize your hard work and take the time to celebrate with the people you care about. It sounds like it was a really great day!"
2571|212|||1|"It really was. I'm so glad I got to share it with you!"
2572|212|||2|"Me too! It's always great to hear good news. I'm so happy for you!"
2573|213|||1|"Hey, how are you?"
2574|213|||2|"I'm doing great. How about you?"
2575|213|||1|"I'm doing okay. I had a really busy day today, and I'm just exhausted."
2576|213|||2|"That sounds really tough. What was the busiest part of your day?"
2577|213|||1|"I had a lot of meetings and had to work on a big project. It was a lot to do in one day."
2578|213|||2|"I'm sorry to hear that. It sounds like you could use a break. What can I do to help?"
2579|213|||1|"Thanks. I think I just need to take some time to relax and recharge. I'm thinking of going for a walk in the park."
2580|213|||2|"That sounds like a great idea. It would be a great way to clear your head and get some fresh air. Do you want me to come with you?"
2581|213|||1|"That would be great. I could use some company."
2582|213|||2|"Sure, I'll meet you at the park in an hour. See you then!"
2583|213|||1|"Sounds good. See you soon!"
2584|214|||1|"Hey, how are you?"
2585|214|||2|"I'm doing alright, what about you?"
2586|214|||1|"I'm doing okay. I had a really busy day at work. I'm exhausted."
2587|214|||2|"That sounds tough. What happened?"
2588|214|||1|"Well, I had to stay late to finish a report and then I had to rush to meet a friend for dinner. I'm so tired now."
2589|214|||2|"That's a lot of running around. It's no wonder you're exhausted. What did you do for dinner?"
2590|214|||1|"We went to a new restaurant. It was really good. I think I ate too much though."
2591|214|||2|"That sounds like a nice evening. It's good to take a break and relax, even if it means eating too much. Did you enjoy catching up with your friend?"
2592|214|||1|"Yes, it was really nice. I don't get to see them very often so it was great to spend some time together. We talked about all kinds of things."
2593|214|||2|"That's wonderful. It's important to stay connected with the people you care about. Did you get home okay?"
2594|214|||1|"Yes, I made it home safe and sound. I'm just really tired now."
2595|214|||2|"Well, it sounds like you had a full day. Why don't you get a good night's sleep and start fresh tomorrow? You deserve it!"
2596|214|||1|"That's a good idea. Thanks for listening and offering advice. I appreciate it."
2597|214|||2|"Anytime! That's what friends are for. Get some rest and I'll talk to you soon."
2598|215|||1|"Hey, how are you?"
2599|215|||2|"I'm doing great! How was your day?"
2600|215|||1|"It was alright. I had a few stressful moments but I'm feeling better now."
2601|215|||2|"That's good to hear. What was the source of your stress?"
2602|215|||1|"It was mostly work-related. I had a few deadlines that I was trying to meet and it was a bit overwhelming."
2603|215|||2|"I'm sorry to hear that. Sometimes it's hard to juggle all of our responsibilities. Is there anything I can do to help?"
2604|215|||1|"No, thank you. I think I just need to take a few deep breaths and refocus. It's just been a long week."
2605|215|||2|"I understand. It's important to take a step back and relax. Do you have any plans for the weekend?"
2606|215|||1|"I do actually. I'm planning to go out with some friends and just have a good time. I'm looking forward to it."
2607|215|||2|"That sounds like a great idea. I'm sure you'll have a lot of fun. Is there anything else you'd like to talk about?"
2608|215|||1|"No, I think I'm good. Thanks for listening."
2609|215|||2|"Of course. I'm always here for you. Have a great weekend!"
2610|216|||1|"Hey, how are you doing?"
2611|216|||2|"Hey! I'm doing alright. How about you?"
2612|216|||1|"I'm doing good. I just had a really busy day. I had a lot of errands to run and meetings to attend."
2613|216|||2|"That sounds like a lot! Did you manage to get everything done?"
2614|216|||1|"Yeah, I got it all done. But it was exhausting. I'm glad that's over."
2615|216|||2|"That's great! You should take some time to relax and unwind."
2616|216|||1|"Yeah, that's a good idea. I think I'll watch a movie and have some tea."
2617|216|||2|"That sounds perfect. Make sure to take some time for yourself, you deserve it."
2618|216|||1|"Thanks, I appreciate it. I'm sure I'll feel much better after some rest."
2619|216|||2|"I'm glad. You work hard and it's important to take a break every once in a while."
2620|216|||1|"Yeah, I know. I'll make sure to take it easy for the rest of the day."
2621|216|||2|"That's a great plan. Let me know how it goes!"
2622|217|||1|"Hey, how are you?"
2623|217|||2|"I'm doing great, how about you?"
2624|217|||1|"I'm doing okay. I had a really busy day at work today."
2625|217|||2|"That sounds stressful. What happened?"
2626|217|||1|"Well, I had a lot of tasks to complete and I was running around all day. I felt like I was being pulled in a million different directions."
2627|217|||2|"That sounds exhausting. What did you do to cope with the stress?"
2628|217|||1|"I took a few breaks throughout the day to take some deep breaths and stretch. I also called my mom for a few minutes to talk about something else."
2629|217|||2|"That's great that you took the time to take care of yourself. What did you talk about with your mom?"
2630|217|||1|"We talked about a new restaurant that opened up near her house. She's been wanting to try it out and was asking me for my opinion."
2631|217|||2|"That sounds like a nice break from work. What did you tell her?"
2632|217|||1|"I told her that it sounded like a great place to check out and that she should definitely go. I'm looking forward to hearing how it was when she goes."
2633|217|||2|"That's so thoughtful of you. I'm sure she appreciated it. How do you feel now after having a break and talking to your mom?"
2634|217|||1|"I'm feeling a lot better. I'm still tired from the day, but I'm in a better headspace now."
2635|217|||2|"That's great to hear. Is there anything else you need to do to help yourself relax?"
2636|217|||1|"I think I'm all set for now. I'm going to take a hot bath and then watch some TV before bed. That should help me wind down."
2637|217|||2|"That sounds like a great plan. Let me know if you need anything else. I'm here for you."
2638|217|||1|"Thanks, I really appreciate it."
2639|218|||1|"Hey, how are you?"
2640|218|||2|"I'm doing alright. How about you?"
2641|218|||1|"I'm doing great! I had a really productive day at work today."
2642|218|||2|"That's great to hear! What did you accomplish?"
2643|218|||1|"I finished up a project I had been working on for the past few weeks. It was a lot of work, but it feels so good to have it done."
2644|218|||2|"That's awesome! What was the project about?"
2645|218|||1|"It was a marketing campaign for a new product we're launching. It was a lot of brainstorming and research, but I think it's going to be really successful."
2646|218|||2|"That sounds like a great project. I'm sure it will be successful!"
2647|218|||1|"Yeah, I'm really proud of it. I'm also excited to see how the launch goes."
2648|218|||2|"That's understandable. So what are you doing now?"
2649|218|||1|"I'm just relaxing and winding down after a long day. I'm planning to watch a movie and get some takeout for dinner."
2650|218|||2|"That sounds like a great plan! Enjoy your evening and don't forget to take some time for yourself."
2651|218|||1|"Thanks, I will. I'm really looking forward to it."
2652|219|||1|"Hey, how are you doing?"
2653|219|||2|"I'm doing alright, how about you?"
2654|219|||1|"I'm doing well. I had a really great day today."
2655|219|||2|"That's awesome! What happened?"
2656|219|||1|"Well, I got a promotion at work. I'm so excited about it."
2657|219|||2|"That's amazing! Congratulations! What does the promotion mean for you?"
2658|219|||1|"It means a lot. I'm getting a raise, more responsibility, and a chance to prove myself."
2659|219|||2|"That sounds like a great opportunity. I'm so happy for you!"
2660|219|||1|"Thanks! I'm really looking forward to this new challenge."
2661|219|||2|"That's great! What are your plans for the future?"
2662|219|||1|"Well, I'm hoping to stay in this position for a while and continue to grow. Eventually, I'd like to move up in the company."
2663|219|||2|"That sounds like a great plan. I'm sure you'll do great and make it happen."
2664|219|||1|"Thanks. I'm feeling really good about this new adventure."
2665|219|||2|"That's wonderful! I'm sure you'll make the most of it."
2666|220|||1|"I had a really tough day at work today."
2667|220|||2|"Oh no! What happened?"
2668|220|||1|"My boss was really hard on me and I felt like I couldn't do anything right. I don't know what to do."
2669|220|||2|"I'm sorry to hear that. It sounds like you're feeling really overwhelmed. Is there anything I can do to help?"
2670|220|||1|"I don't know...I just don't know how to make it better."
2671|220|||2|"It sounds like you need some time to process what happened and figure out how to move forward. Maybe you can take a few minutes to yourself and just breathe. That might help you feel a little better."
2672|220|||1|"That's a good idea. I think I'll do that."
2673|220|||2|"That's great. If you need to talk more about it afterwards, I'm here to listen."
2674|220|||1|"Thanks. That means a lot."
2675|220|||2|"Anytime. You know I'm always here for you."
2676|221|||1|"Hey, how are you doing?"
2677|221|||2|"I'm doing okay, how about you?"
2678|221|||1|"I'm doing alright. I had a really crazy day today. I had a lot of deadlines and I was really stressed out."
2679|221|||2|"That sounds really tough. How did you manage to get through it?"
2680|221|||1|"Well, I just took a deep breath and worked through it. I just kept telling myself that it would all be worth it in the end."
2681|221|||2|"That's a great attitude to have. What kind of rewards did you give yourself?"
2682|221|||1|"I treated myself to a nice dinner and a movie. It was a great way to relax and unwind after a long day."
2683|221|||2|"That sounds like a great reward. What kind of movie did you watch?"
2684|221|||1|"I watched an old classic. It was really funny and it made me forget about all the stress of the day."
2685|221|||2|"That's great. It's important to take time for yourself and make sure you're taking care of your mental health. How do you feel now?"
2686|221|||1|"I feel much better. I'm glad I took the time to relax and just enjoy the moment."
2687|221|||2|"That's great to hear. It's important to take care of yourself and make sure you're not getting too overwhelmed."
2688|222|||1|"Hey, how's it going?"
2689|222|||2|"Hey, not bad. I had a really busy day at work today."
2690|222|||1|"Oh wow, that sounds like a lot! How did it go?"
2691|222|||2|"It was alright. I'm just feeling a bit overwhelmed by the amount of work I have to do this week."
2692|222|||1|"That's understandable. Is there anything I can do to help?"
2693|222|||2|"Thanks for offering, but I think I just need to take some time to organize my tasks and prioritize what needs to be done first."
2694|222|||1|"That's a great idea. What do you plan to do to organize and prioritize?"
2695|222|||2|"Well, I'm going to make a list of tasks and prioritize them by importance and urgency. I'm also going to try to break down larger tasks into smaller ones so it's easier to manage."
2696|222|||1|"That sounds like a plan. Is there anything else you can do to make things easier?"
2697|222|||2|"I think I'm going to try to delegate some of the tasks to other people on the team. That way I won't have to do everything myself."
2698|222|||1|"That's a great idea. Do you feel like you have enough support from your team to do that?"
2699|222|||2|"Yes, I think so. Everyone on the team is really helpful and willing to lend a hand."
2700|222|||1|"That's great! Do you think you'll be able to manage the workload this week?"
2701|222|||2|"I think so. I'm feeling a bit more confident now that I have a plan in place. I just need to stay focused and keep on top of things."
2702|222|||1|"That's great. I'm here if you need any help or just want to talk."
2703|222|||2|"Thanks, I really appreciate it. I'm feeling a lot better now."
2704|223|||1|"Hey, how are you?"
2705|223|||2|"I'm doing alright, how about you?"
2706|223|||1|"I'm doing great, just had a really productive day. I got a lot done and I'm feeling really good about it."
2707|223|||2|"That's awesome! It's so satisfying when you can check things off your list and get a lot accomplished."
2708|223|||1|"It really is. I'm just so proud of myself for getting it all done. I was really focused and determined today."
2709|223|||2|"That's great! You should be proud of yourself. It's not always easy to stay focused and motivated, especially when you have a lot on your plate."
2710|223|||1|"Yeah, it definitely took a lot of effort. But I'm so glad that I was able to stay on track and get the job done."
2711|223|||2|"That's the kind of attitude that will help you succeed in the long run. You should keep that same determination and focus going forward."
2712|223|||1|"I plan to. I'm really motivated to stay on top of things and keep making progress."
2713|223|||2|"That's great! It's always important to stay motivated and keep pushing forward. It's the only way you're going to reach your goals."
2714|223|||1|"That's true. I'm just so thankful that I was able to make such great progress today. It's definitely giving me the boost I need to keep going."
2715|223|||2|"That's fantastic! I'm so happy for you. Just remember to stay focused and keep pushing forward. You can do it!"
2716|224|||1|"Hey, it's been a while since we talked. How are you doing?"
2717|224|||2|"I'm doing great! How about you? What have you been up to?"
2718|224|||1|"I've been busy with work, but I'm doing alright. I had a really rough day today though."
2719|224|||2|"Oh no, I'm sorry to hear that. What happened?"
2720|224|||1|"It's been a stressful week and today was the culmination of it all. I had to give a presentation that I wasn't fully prepared for and I was so nervous. I was afraid I was going to mess up or forget something important."
2721|224|||2|"I'm sorry that happened. It sounds like you put a lot of pressure on yourself. Do you think you can take a step back and try to remember that it's okay to make mistakes? You're only human, after all."
2722|224|||1|"I know, but it's hard to remember that when I'm in the moment. I feel like I have to be perfect, especially in a professional setting."
2723|224|||2|"That's understandable, but you don't have to be perfect. Everyone makes mistakes, and learning from them is part of the process. Take a deep breath and remember that you're doing the best you can. That's all that matters."
2724|224|||1|"You're right. I just need to take a step back and relax. I'm sure I did better than I think I did."
2725|224|||2|"I'm sure you did too. Don't be too hard on yourself. You can always learn from the experience and do better next time."
2726|224|||1|"Thanks, that's really helpful. I'm feeling a bit better now."
2727|224|||2|"I'm glad to hear that. Is there anything else I can do for you?"
2728|224|||1|"No, I think I'm okay. I just needed someone to talk to and you really helped. Thank you."
2729|224|||2|"Of course! That's what friends are for. I'm always here if you need to talk."
2730|225|||1|"Hey, how are you?"
2731|225|||2|"I'm doing great, how about you?"
2732|225|||1|"I'm doing okay, had a bit of a rough day. I'm feeling a bit overwhelmed."
2733|225|||2|"That sounds tough. What happened?"
2734|225|||1|"Well, I had a big project due at work and I was up late finishing it. I'm feeling a bit drained from the last few days of working hard."
2735|225|||2|"That's understandable. Do you have any plans for the rest of the day?"
2736|225|||1|"I was thinking of taking some time to relax and clear my head. I think I need some time to unwind."
2737|225|||2|"That sounds like a great idea. What do you have in mind?"
2738|225|||1|"I was thinking of going for a walk, maybe grab a coffee, and just take some time to be in the moment."
2739|225|||2|"That sounds like a great plan. It's important to take time for yourself to recharge and relax. I'm sure you'll feel better after."
2740|225|||1|"Yeah, I think so. Thanks for listening and for the advice."
2741|225|||2|"No problem. I'm glad I could help. Let me know how it goes!"
2742|226|||1|"Hey, how are you?"
2743|226|||2|"I'm doing alright. How about you?"
2744|226|||1|"I'm doing okay. I had a really busy day, though. I'm exhausted."
2745|226|||2|"That sounds tough. What was the day like?"
2746|226|||1|"I had a few meetings, some errands to run, and then I had to finish up some work. It was a lot to get through."
2747|226|||2|"It sounds like you had a full day. Was there anything that was particularly challenging?"
2748|226|||1|"Yeah, my meetings didn't go as smoothly as I had hoped. I was disappointed with the outcome."
2749|226|||2|"That can be tough. How did you handle it?"
2750|226|||1|"I tried to stay positive and focus on what I could do better next time. I'm still feeling a bit discouraged though."
2751|226|||2|"It's understandable to feel discouraged, but it's important to remember that you can learn from your mistakes and use them to grow. Have you taken any time to reflect on what you could do differently in the future?"
2752|226|||1|"I haven't had a chance yet, but I think that's a good idea. I'm sure I can find something to take away from the experience."
2753|226|||2|"Definitely. And it's okay to take some time to process your emotions before you reflect. You don't have to rush it."
2754|226|||1|"That's true. I think I'm going to take a break and get some rest. I think that'll help me clear my head."
2755|226|||2|"That sounds like a great plan. I'm here if you need to talk. Take care of yourself."
2756|226|||1|"Thanks. I'll talk to you soon."
2757|226|||2|"Talk to you soon. Bye!"
