Utterance Id,Article Id,Conversation Id,Sentence Tags,Character,Utterance
1,1,1,Question,1,"Hey, did you hear about the report by Facebook's parent company about the use of spyware?"
2,1,1,Observation,2,"Yeah, it's really concerning. It seems like surveillance-for-hire companies are constantly adapting and changing tactics in order to continue targeting people, including journalists and activists."
3,1,1,Statement|Fact,1,"Definitely. And it's not just one company, either. The report named a few companies that were linked to Russia, Israel, and China that were using spyware to scrape Facebook and Instagram for private user information."
4,1,1,Opinion|Sentiment|Fact,2,"It's really disturbing that these companies are so focused on compromising users' accounts. And it's not just one group that's being targeted, either. Environmental activists, members of the media, NGOs, and even politicians are all being targeted by these spyware networks."
5,1,1,Observation,1,"And it seems like even when these companies are removed from Facebook and Instagram, they just try to circumvent the blocks and update their software to avoid detection."
6,1,1,Observation|Fact,2,"It's definitely a never-ending battle. The head of security policy at Facebook, Nathaniel Gleicher, even said that no single company can tackle the threat of spyware on its own. It's a society-wide problem."
7,1,1,Statement,1,And it's not just Facebook trying to combat this issue. They're sharing information about these threats with other tech companies and governments in an effort to protect users.
8,1,1,Sentiment|Opinion|Observation,2,"That's good to hear. But it's disappointing that Twitter is no longer accepting information about these threats. Apparently, all of their security, privacy, and compliance leaders left the company after its acquisition by Elon Musk."
9,1,1,Sentiment|Opinion|Suggestion,1,"Yeah, it's definitely a concerning development. It's important for all tech companies to work together to protect users from these threats. We can't let spyware companies continue to operate without consequences."
10,1,2,,1,Have you seen the latest report about spyware being used to target journalists and activists?
11,1,2,,2,"Yeah, it's really disturbing. It seems like these surveillance-for-hire companies are constantly adapting and changing tactics in order to continue their activities."
12,1,2,,1,"It's not just one company either. The report named a few companies based in Russia, Israel, and China that were using spyware to scrape Facebook and Instagram for private user information."
13,1,2,,2,"And it's not just one group being targeted. Environmental activists, members of the media, NGOs, and politicians are all being targeted by these spyware networks."
14,1,2,,1,"It's concerning that even when these companies are removed from Facebook and Instagram, they just try to circumvent the blocks and update their software to avoid detection."
15,1,2,,2,"It's a never-ending battle. The head of security policy at Facebook, Nathaniel Gleicher, even said that no single company can tackle the threat of spyware on its own. It requires a society-wide effort."
16,1,2,,1,It's good to see that Facebook is sharing information about these threats with other tech companies and governments in order to protect users.
17,1,2,,2,"But it's disappointing that Twitter is no longer accepting information about these threats. All of their security, privacy, and compliance leaders left the company after its acquisition by Elon Musk."
18,1,2,,1,It's definitely a concerning development. It's important for all tech companies to work together to protect users from these threats. We can't let spyware companies continue to operate without consequences.
19,2,3,Question|Observation,1,Did you see the article about Japan's economic prospects? It looks like Taiwan and South Korea are set to overtake Japan on a per person basis.
20,2,3,Opinion|Sentiment,2,"Yeah, I saw that. It's definitely a concerning development."
21,2,3,Observation,1,It looks like the strong US dollar and Japan's trade deficit are major factors. And it seems like Japan's rivals are better able to harness and develop their tech sectors.
22,2,3,Observation,2,Right. And it's not just about Japan's aging population. South Korea is also dealing with a declining birth rate.
23,2,3,,1,"Yeah, it looks like sluggish growth in labor productivity, driven by slow progress in digitalization, is also a factor"
24,2,3,,2,"Yeah, and it's not just about the labor market. The report says that Taiwan and South Korea are accelerating their digitalization efforts, while Japan is still using paper forms and fax machines in many companies and government bodies."
25,2,3,,1,"That's definitely a disadvantage. It seems like Japan is already behind in terms of cutting-edge technology, especially in semiconductors."
26,2,3,,2,"It's definitely a challenge, but the Japanese government is making large investments to try and narrow the technology gap."
27,3,4,,1,Have you seen the article on finding popular products for dropshipping?
28,3,4,,2,"No, I haven't. What's it about?"
29,3,4,,1,It talks about how to identify trending products to sell online and offers some tips on what to consider when choosing products for a dropshipping business.
30,3,4,,2,That sounds interesting. Do you have any specific takeaways from the article?
31,3,4,,1,"Yeah, there are a few key points that I think are worth mentioning. Firstly, it's important to research the market and design a sales strategy before deciding on products to sell. Secondly, it's a good idea to avoid competing with the big giants in over-saturated market segments, and instead focus on a narrow niche. Finally, it's important to consider the cost of sourcing and shipping, and to test the market with a small inventory before committing to a larger one."
32,3,4,,2,Those are all great points. It's definitely important to do your research and think strategically when it comes to choosing products for a dropshipping business. Thanks for sharing the article with me.
33,3,4,,1,No problem. I think it's a useful resource for anyone looking to get into dropshipping.
34,3,5,,1,"Hey, have you read that article on finding popular products for dropshipping?"
35,3,5,,2,"No, I haven't. What's it about?"
36,3,5,,1,"Well, it talks about how to identify trending products to sell online and offers some tips on what to consider when choosing products for a dropshipping business. But I'm not really sure if I understand it all."
37,3,5,,2,"Well, it talks about how to identify trending products to sell online and offers some tips on what to consider when choosing products for a dropshipping business. But I'm not really sure if I understand it all."
38,3,5,,1,"Okay, well the article says to research the market and design a sales strategy before deciding on products to sell. That makes sense. But it also says to avoid competing with the big giants in over-saturated market segments and focus on a narrow niche instead. I'm not really sure what that means."
39,3,5,,2,"Ah, I see what you're saying. It means that it can be challenging to sell products that are already widely available from large, established companies. Instead, it might be more successful to focus on a specific, smaller market segment where there is less competition. That way, you can differentiate yourself and potentially have a better chance of success."
40,3,5,,1,"Oh, I see. That makes sense. Thanks for explaining it to me."
41,3,5,,2,No problem. It can be helpful to take a patient and thoughtful approach when it comes to starting a new business. It's important to do your research and think strategically in order to set yourself up for success.
42,4,6,,1,"Hi CEO, I wanted to talk to you about the importance of organizational culture. As you know, culture refers to the shared values, practices, and behaviors that shape the work environment in a company."
43,4,6,,2,"Yes, I'm familiar with the concept of organizational culture. But can you remind me why it's so important?"
44,4,6,,1,"Absolutely. Good organizational culture can drive employee engagement, increase retention, and support the achievement of business goals. It's about building people programs that help us achieve our goals while remaining in line with our company values."
45,4,6,,2,"I see. So, what can we do to develop a positive culture at our company?"
46,4,6,,1,"There are a few key things we can focus on. Firstly, we can build shared values and ensure that we are living those values. It's important to involve the team in co-creating cultural values so that everyone feels invested in them."
47,4,6,,2,That makes sense. What else can we do?
48,4,6,,1,"We can also focus on hiring for fit, investing in training and development, promoting transparency, encouraging open communication, and creating a positive work environment. These are all important factors in building a positive culture."
49,4,6,,2,"Okay, I think I understand. So, it's about creating a supportive work environment where our employees can thrive and contribute to the success of the company."
50,4,6,,1,"Exactly. By prioritizing culture and values, we can create a culture that supports our business goals and helps our team members feel fulfilled and engaged in their work."
51,4,6,,2,"Thank you for the insight, HR. I think it's important that we focus on building a strong organizational culture, and I'm committed to working with you to make it happen."
52,4,7,,1,"Hi CEO, I wanted to talk to you about the importance of organizational culture. As you know, culture refers to the shared values, practices, and behaviors that shape the work environment in a company."
53,4,7,,2,"Yes, I'm aware of the concept of organizational culture. But can you remind me why it's worth investing time and resources in?"
54,4,7,,1,"Of course. Good organizational culture can drive employee engagement, increase retention, and support the achievement of business goals. It's about building people programs that help us achieve our goals while remaining in line with our company values. And all of these things can ultimately contribute to the bottom line."
55,4,7,,2,"I see. So, how can we develop a positive culture that will benefit the company financially?"
56,4,7,Pitch,1,"here are a few key things we can focus on. Firstly, we can build shared values and ensure that we are living those values. It's important to involve the team in co-creating cultural values so that everyone feels invested in them. This can lead to increased employee engagement and productivity, which can translate into increased profits."
57,4,7,,2,"Okay, that makes sense. What else can we do?"
58,4,7,,1,"We can also focus on hiring for fit, investing in training and development, promoting transparency, encouraging open communication, and creating a positive work environment. These all contribute to a positive culture that can lead to increased retention, which can save the company money on recruitment and training costs."
59,4,7,,2,"I understand. So, it's about creating a supportive work environment where our employees can thrive and contribute to the success of the company, while also considering the financial benefits."
60,4,7,,1,"Exactly. By prioritizing culture and values, we can create a culture that supports our business goals and helps our team members feel fulfilled and engaged in their work, which can ultimately contribute to the financial success of the company."
61,4,7,,2,"Thank you for the insight, HR. I think it's important that we focus on building a strong organizational culture, and I'm"
62,4,7,,1,"Hi CEO, can I have a quick moment of your time to pitch an idea to you?"
63,4,7,,2,"Sure, go ahead."
64,4,7,,1,"I wanted to talk to you about the importance of organizational culture. As you know, culture refers to the shared values, practices, and behaviors that shape the work environment in a company. Investing in culture can drive employee engagement, increase retention, and support the achievement of business goals, all of which can ultimately contribute to the bottom line."
65,4,7,,2,"I understand the importance of culture, but we're currently on a tight budget. Can you explain to me how this would benefit the company financially?"
66,4,7,,1,"Absolutely. Building shared values and involving the team in co-creating cultural values can lead to increased employee engagement and productivity, which can translate into increased profits. Additionally, focusing on hiring for fit, investing in training and development, promoting transparency, encouraging open communication, and creating a positive work environment can all contribute to a positive culture that leads to increased retention, which can save the company money on recruitment and training costs."
67,4,7,,2,"Okay, I see your point. But can you give me some specific examples of how this would benefit us?"
68,4,7,,1,"Sure. For example, if we invest in training and development for our employees, it can lead to increased efficiency and productivity, which can directly impact the bottom line. And if we create a positive work environment that leads to increased retention, we can save money on the costs associated with recruiting and training new hires."
69,4,7,,2,I understand. Let me think about it and we can discuss further.
70,4,7,,1,"Great, I appreciate your consideration. I believe that investing in organizational culture is a wise decision that will ultimately benefit the company in the long run."
71,5,8,,1,"Hey, have you heard of this thing called value-based care? I saw it mentioned in an article, but I'm not really sure what it is."
72,5,8,,2,"Yeah, I've heard of it. Value-based care is a healthcare model that focuses on improving the quality of care and outcomes while controlling costs."
73,5,8,,1,"Oh, I see. So it's like a way to make healthcare more efficient and effective?"
74,5,8,,2,"Exactly. It aligns provider incentives with the goal of improving care quality or reducing care costs. So instead of being paid based on the number of procedures or tests performed, providers are incentivized to deliver the best possible care for their patients."
75,5,8,,1,That makes sense. So how does it work in practice?
76,5,8,,2,"There are a few different models of value-based care. One is called a pay-for-performance model, where providers are paid based on their performance on certain quality measures. Another is called a value-based reimbursement model, where providers are paid based on the value of the care they deliver, rather than the volume."
77,5,8,,1,"Hmm, I see. So it's more about the outcomes of care, rather than just the number of procedures or tests performed."
78,5,8,,2,"Exactly. And the goal is to improve the overall quality of care while also controlling costs. It's becoming more popular as a way to move away from the traditional fee-for-service model, which can sometimes lead to unnecessary or overutilization of care."
79,5,8,,1,That makes a lot of sense. Thanks for explaining it to me.
80,5,9,,1,"Hey, I just attended a conference on value-based care and I found it really interesting. Do you have any experience with value-based care in your job?"
81,5,9,,2,"Yeah, we've been implementing a value-based care model at our practice for the past few years. It's been a big change for us, but I think it's had a lot of benefits for both our patients and our practice."
82,5,9,,1,What kind of benefits have you seen?
83,5,9,,2,"One of the biggest benefits has been an improvement in the quality of care we're able to provide. By focusing on outcomes rather than just the volume of care, we're able to provide more personalized and targeted treatment plans for our patients."
84,5,9,,1,That makes sense. I can see how that would lead to better outcomes for patients.
85,5,9,,2,"Yeah, and it's also helped us to control costs. By focusing on preventative care and addressing issues early on, we're able to reduce the need for more expensive interventions down the line."
86,5,9,,1,That's really interesting. I can see how value-based care could have a lot of benefits for both patients and healthcare providers.
87,5,9,,2,"Definitely. It's definitely a change from the traditional fee-for-service model, but I think it's a change for the better. It's allowed us to focus on what's really important: providing high-quality, cost-effective care for our patients."
88,6,10,,1,"Hi, thanks for agreeing to this interview. I understand that your business has been affected by the trend of rising inflation we've been seeing recently. Can you tell me more about how this has impacted your business?"
89,6,10,,2,"Yes, definitely. Inflation has been a big concern for us. We've seen our costs go up significantly in the past year, and it's been tough to keep up."
90,6,10,question,1,Can you give me some specific examples of how inflation has impacted your business?
91,6,10,,2,"Sure. One big example is the cost of raw materials. We've seen prices for things like steel and plastic rise significantly, which has made it more expensive for us to produce our products. We've also seen our employees' salaries go up due to rising cost of living, which has put pressure on our margins."
92,6,10,,1,That's definitely a challenge. How have you tried to mitigate the impact of inflation on your business?
93,6,10,,2,"We've had to get creative. We've tried to negotiate better prices with our suppliers, and we've also looked into ways to reduce our costs internally. For example, we've implemented more efficient production processes and we've tried to streamline our operations as much as possible."
94,6,10,,1,It sounds like you've had to make some tough decisions. How do you think the trend of rising inflation is going to impact the economy as a whole?
95,6,10,,2,"I think it's definitely going to be a challenge. Inflation can have a ripple effect on the economy, as it leads to higher prices for goods and services, which can lead to slower economic growth. It's also going to be tough for businesses and individuals who are already struggling financially."
96,6,10,,1,Do you have any advice for other business owners who are facing similar challenges due to inflation?
97,6,10,,2,"My advice would be to stay as agile and adaptable as possible. Inflation is an unpredictable force, so it's important to be prepared for changes and to be willing to pivot when necessary. It's also important to stay focused on your long-term goals and to keep an eye on the bigger picture."
98,6,11,,1,"Hello and welcome to our program. Today, we're talking about the topic of rising inflation and its impact on the global economy. With me today is [Marketing Director], who has extensive experience in this area. [Marketing Director], thank you for joining us today."
99,6,11,,2,Thanks for having me.
100,6,11,,1,"[Marketing Director], let's start by discussing the current state of inflation. We've been seeing headlines about rising inflation and its effects on the global economy. Can you give us a brief overview of the situation?"
101,6,11,,2,"Sure. Inflation has definitely been a hot topic lately. We've seen inflation rates significantly exceed December 2021 expectations in many countries. In particular, European countries have been hit hard, with Lithuania, Poland, and the UK all seeing inflation rates well above projections. Asia has seen less severe increases, with India and South Korea seeing slightly higher than expected inflation. China and Japan have remained relatively muted in terms of inflation."
102,6,11,,1,That's definitely a concerning trend. How have central banks responded to this rising inflation?
103,6,11,,2,"Central banks worldwide have been raising their core bank lending rates in an attempt to curb demand and lower prices. However, these rate increases have not necessarily kept pace with the rising inflation rates."
104,6,11,,1,And how has this rising inflation affected housing prices?
105,6,11,,2,"We've seen a sharp rise in housing prices, even before the recent wave of inflation. The COVID-19 pandemic has led to a major shift in the real estate market, with house prices soaring well past expectations in many countries. Europe has seen particularly large gains in countries like Turkey, the Czech Republic, and Lithuania, while Asia-Pacific countries like New Zealand and Australia have also seen significant increases. North America has also experienced rising housing prices, particularly in the US and Canada."
106,6,11,,1,And what about commodity prices?
107,6,11,,2,"Commodity prices have also been on the rise due to a number of factors, including economic expansion and shortages in certain areas. Fertilizer prices, in particular, have seen a sharp increase due to shortages of natural gas, a key component in its production, and rising demand from farmers."
108,6,11,,1,That's definitely a concerning trend. Is there a risk of a food crisis due to these rising prices?
109,6,11,,2,"There is definitely a risk of a food crisis due to rising prices for basic foods, particularly in emerging markets. These markets are often more vulnerable to price fluctuations, and rising food prices can have a significant impact on their economies and populations."
110,6,11,,1,And what about the long-term effects of rising inflation? How might it impact economic growth?
111,6,11,,2,And what about the long-term effects of rising inflation? How might it impact economic growth?
112,6,11,,1,"Thank you, [Marketing Director], for sharing your insights with us today. It's definitely a concerning trend, and it will be interesting to see how it plays out in the coming months and years."
113,6,11,,2,Thank you for having me. It's definitely a topic that warrants close attention.
114,7,12,,1,"Hey, have you seen this article about how software is becoming increasingly important for businesses?"
115,7,12,,2,"Yeah, I saw that. It's definitely a trend that we're seeing more and more in our industry."
116,7,12,,1,"Yeah, and it seems like traditional companies are starting to realize that they need to adopt a software-centric approach to keep up in the digital world."
117,7,12,,2,Definitely. I think it's a great opportunity for companies to differentiate themselves from their competitors and stay ahead of the game.
118,7,12,,1,"Yeah, but it's also a big challenge. Building a software culture and a software-driven business model requires a lot of changes to the way a company operates."
119,7,12,,2,"Definitely. And it's not just about adding a few software veterans and implementing DevOps. It requires a complete shift in culture, leadership, and organizational structure."
120,7,12,,1,"Yeah, and it's not easy. The article mentions that less than 7% of all software revenue goes to non-tech companies. That shows how difficult it can be to transform into a software company."
121,7,12,,2,"Definitely. But the article also mentions some key principles for successful transformation, like building a software culture, investing in the right talent and tools, and embracing agile development."
122,7,12,,1,"Yeah, and it's important to have a clear vision and strong leadership to drive the transformation. It's not going to be easy, but it's definitely worth it in the long run."
123,7,12,,2,"Agreed. It's definitely a challenging process, but the potential rewards are huge. Companies that can successfully transform into software businesses will be well-positioned to compete in the digital world."
124,7,13,,1,"So, I've been reading this article about how software is becoming more and more important in today's business world. It's hard for me to wrap my head around it, to be honest. I've been in this field for over 30 years, and back in my day, software was just a small part of what we did. Now it seems like it's taking over everything."
125,7,13,,2,"Yeah, it's definitely a different world now. Software is becoming a key differentiator for companies and is driving innovation across all industries. If you want to stay competitive, you have to be thinking about how you can use software to drive growth and differentiation."
126,7,13,,1,"But it's not just about using software, it's about becoming a software company. That's a whole different ballgame. I'm not sure I'm ready for that kind of change."
127,7,13,,2,"I understand what you're saying, but I think it's important to embrace the change and see it as an opportunity. There are a lot of tools and technologies out there now that make it easier for companies to build and scale software capabilities. And with the right leadership and culture, it's possible to successfully transform into a software company."
128,7,13,,1,I guess I see your point. It's just hard for me to let go of the way things used to be. But I suppose I need to be open to new ideas if I want to stay relevant in this field.
129,7,14,,1,"Hey, have you seen this article about how traditional companies need to become software-centric to stay competitive in the digital world?"
130,7,14,,2,"Yeah, I read it. It's definitely a trend we're seeing more and more of."
131,7,14,,1,"Yeah, it's kind of mind-blowing to think about how much software is driving everything now. But I'm not really sure I understand what it means for a company to ""become a software company."" Can you explain it to me in basic terms?"
132,7,14,,2,"Sure. Think about it like this: let's say you have a bakery. In the past, you might have used a cash register to keep track of your sales and inventory, and maybe you had a website to advertise your products. But now, with software being such a critical part of every industry, it's not enough just to have a few software tools. To really succeed, you need to start thinking of your bakery as a software company. That means looking at your business through the lens of software, and using software to differentiate yourself from your competitors."
133,7,14,,1,"Okay, I see what you mean. So it's not just about using software, it's about making software a central part of your business."
134,7,14,,2,"Exactly. And it's not just about using software, it's about building a culture that values software and the people who create it. It's about investing in the right tools and talent, and embracing agile development practices. It's about using data to make better decisions and drive growth. And it's about scaling up successfully as your business grows."
135,7,14,,1,"Wow, that's a lot to think about. But it makes sense. I can see how software can drive a company ito being more competitive."
136,8,15,,1,"Hi there, how are you doing today?"
137,8,15,,2,I'm doing okay thanks. I read this article about economic forecasts for 2023 and I have a lot of questions about it.
138,8,15,,1,"Sure, I'd be happy to help. What are your main questions about the article?"
139,8,15,,2,"Well, first of all, it mentions the potential for high inflation and central bank tightening. Can you explain what that means and how it might impact businesses?"
140,8,15,,1,"When inflation is high, it means that the cost of living is rising, which can make it harder for businesses to turn a profit. Central banks, such as the Federal Reserve in the US, can try to combat high inflation by raising interest rates, which makes it more expensive for people and businesses to borrow money. This is known as central bank tightening."
141,8,15,,2,"Okay, I see. So if interest rates go up, that could potentially hurt businesses that rely on borrowing to finance their operations?"
142,8,15,,1,"Yes, that's correct. Higher interest rates can make it more expensive for businesses to borrow money, which can impact their profitability. However, central banks may also raise interest rates in an attempt to cool down an overheating economy and prevent it from spiraling out of control. It's a delicate balance, and the right course of action can depend on the specific economic conditions at the time."
143,8,15,,2,"Got it. The article also talks about the ongoing effects of the COVID-19 pandemic, particularly in China. How do you see that impacting the global economy in 2023?"
144,8,15,,1,"The COVID-19 pandemic has had a major impact on the global economy, and it's difficult to predict exactly how things will play out in the future. In China, the pandemic has disrupted supply chains and hurt businesses that rely on exports. This has had ripple effects on the global economy, as many countries rely on China for goods and services. The recovery from the pandemic will likely take some time, and it's possible that we could see ongoing impacts in 2023 and beyond."
145,8,15,,2,That makes sense. And what about the potential impact of Russia's invasion of Ukraine? How do you see that affecting the global economy?
146,8,15,,1,"The invasion of Ukraine by Russia is a major geopolitical event that could have significant economic consequences. If tensions between the two countries escalate, it could lead to trade disruptions, sanctions, and other economic challenges. This could impact businesses and economies around the world that have ties to either Russia or Ukraine. However, it's important to note that these are just projections and that economic conditions can change rapidly and unexpectedly."
147,8,15,,2,"Yeah, I see what you mean. Thanks for explaining all of that to me. I have a better understanding now."
148,8,15,,1,"You're welcome. If you have any other questions about the article or anything else, don't hesitate to reach out."
149,8,16,,1,"Okay, so what do you think about this article on the economic forecast for 2023?"
150,8,16,,2,"Well, it seems pretty bleak. High inflation, the ongoing effects of COVID, and the Russian invasion of Ukraine all sound like major challenges."
151,8,16,,1,"Yeah, it's definitely not going to be an easy year. But hey, at least we have the Federal Reserve's dual mandate to help guide us through it all."
152,8,16,,2,What's the dual mandate?
153,8,16,,1,"Oh, it's the Federal Reserve's two main goals: to achieve maximum employment and stable prices."
154,8,16,,2,I see. And what about the labor market? It sounds like there could be some job losses in white-collar sectors.
155,8,16,,1,"Yeah, that's definitely a possibility. And with the rise of technology, we might see even more changes in the way we work. But hey, that's the price we pay for progress, right?"
156,8,16,,2,I guess so. It's just a little overwhelming to think about.
157,8,16,,1,"I know, it can be tough. But the most important thing is to stay focused and adaptable. The economy is always changing, and the key is to roll with the punches and find ways to thrive no matter what challenges come our way."
158,8,16,,2,"Yeah, I see what you mean. Thanks for the advice."
159,8,16,,1,"No problem. Hey, do you have any other questions about the article?"
160,8,16,,2,I think I have a pretty good grasp on it now.
161,8,16,,1,"Excellent. Well, I'm always here if you need any more help or guidance. Just give me a shout."
162,8,16,,2,Thanks. Thx
163,9,17,,1,"Alright, so what do you think of this text on giving feedback?"
164,9,17,,2,It's definitely making me think about how I deliver feedback in the workplace. I never really considered that the delivery method could make such a big difference.
165,9,17,,1,"Yeah, it's a crucial factor to consider. After all, you don't want your feedback to go in one ear and out the other, right?"
166,9,17,,2,Right. So when is it best to give written feedback?
167,9,17,,1,"Well, the text mentions a few situations where written feedback might be more suitable. For example, if you have enough time to do it right and you want to avoid any tone issues. It's also good to follow up with written feedback if you want to reinforce or capture what was said in a conversation, or if you want to give the other person time to process the feedback first."
168,9,17,,2,"Okay, that makes sense. And when is it best to give spoken feedback?"
169,9,17,,1,"According to the text, spoken feedback is better in situations where the feedback is more complex, when the situation is more emotional or sensitive, or when there is a need for clarification or further explanation. It's also helpful to have a conversation when you want to explore the complexity of an issue or when you need to get feedback from the other person."
170,9,17,,2,"Okay, got it. That's really helpful. Thanks for explaining it all to me."
171,9,17,humor,1,"No problem! It's always a good idea to think about the best way to deliver feedback, especially if you want to make sure it's effective. And hey, if all else fails, you can always try using interpretive dance."
172,9,17,,2,"Hahahaha! I'll keep that in mind. Thanks again for the advice

"
173,9,17,,1,Anytime! Just remember to always be mindful of your audience and the goals of your feedback. Good luck out there!
174,9,18,,1,"Alright, so what do you think about this article on giving feedback?"
175,9,18,snarky ,2,"It seems pretty obvious to me. You give written feedback when you have time, want to reinforce something, or want to give the other person time to process. You give spoken feedback when the situation is complex, emotional, or needs clarification."
176,9,18,,1,"Ha! I see you've really been paying attention. But seriously, it's not always that cut and dry. There are always nuances and unique situations to consider."
177,9,18,,2,"Oh, well excuse me for not being a feedback expert like you."
178,9,18,,1,"Hey now, let's not get snarky. We're all learning here."
179,9,18,,2,"Sorry, I didn't mean it that way. It's just that it feels like common sense to me."
180,9,18,,1,"I understand, but sometimes it's easy to overlook the importance of delivery when it comes to feedback. And trust me, I've been in plenty of situations where I wished I had given feedback differently."
181,9,18,,2,Like what?
182,9,18,,1,"Oh, you know. Like the time I tried to give written feedback to a team member who was more of a visual learner. It didn't go over very well."
183,9,18,,2,"Oh no, what happened?"
184,9,18,,1,Let's just say it was a lesson in the importance of tailoring your approach to the individual. And I made sure to use a lot of diagrams and charts in my next feedback session with them.
185,9,18,,2,"Interesting. So it's not just about what you say, but how you say it."
186,9,18,,1,"Exactly. Feedback is a tool for helping people grow and improve, and the key is to use it in a wa"
187,9,18,,2,Got it. Thanks for the lesson.
188,9,18,,1,"No problem. Anytime. Just remember, the best feedback is the kind that actually gets results."
189,10,19,,1,"Hey there, what do you think about this article on design thinking as a social technology for innovation?"
190,10,19,,2,"t's fine, I guess. But I don't see what the big deal is. It's just a bunch of trendy buzzwords and tools."
191,10,19,,1,"Woah there, buddy. Slow your roll. Design thinking is about much more than just buzzwords and tools. It's about using a structured process to unleash people's creative potential and improve processes."
192,10,19,,2,"Oh please, like that's some revolutionary concept. It's not like people haven't been trying to innovate for centuries."
193,10,19,,1,"Sure, people have been innovating for a long time. But that doesn't mean there isn't room for new approaches and methods. And design thinking has proven to be incredibly effective at helping organizations overcome common challenges in the innovation process, such as finding superior solutions and gaining employee buy-in."
194,10,19,,2,"Yeah, yeah. I've heard all this before. It's just another fad that will eventually fade away."
195,10,19,,1,"I see your skepticism, but I disagree. Design thinking has been around for decades and it's not going anywhere anytime soon. In fact, it's being embraced by more and more organizations every day"
196,10,20,,1,"Hey there, what do you think about this article on innovation and design thinking?"
197,10,20,,2,"Um, I'm not sure. It's kind of confusing."
198,10,20,,1,"No worries, let's break it down. So basically, the author is saying that design thinking is a way to come up with new and creative ideas for a business. It can help solve problems and make things better."
199,10,20,,2,"Oh, okay. So it's like a method for improving things?"
200,10,20,,1,"Exactly! And it can be really effective, because it helps teams overcome some of the common challenges that can come up when trying to innovate. Like coming up with the best solutions, managing risks and costs, and getting everyone on board."
201,10,20,,2,"Oh, I see. And how does it do that?"
202,10,20,,1,"Well, it uses a bunch of different tools and techniques, like talking to customers and understanding their needs, trying out new ideas and seeing what works, and working with a diverse group of people. And it has a clear process that helps teams stay focused and avoid getting stuck."
203,10,20,,2,That makes sense. So it's like a roadmap for coming up with new ideas and making them happen.
204,10,20,,1,"Exactly! And the best part is, it can help organizations navigate the trade-offs and tensions that are often involved in the innovation process."
205,10,20,,2,Trade-offs and tensions? What do you mean?
206,10,20,,1,"Well, sometimes there are conflicting goals or challenges that teams have to balance when trying to innovate. For example, they might want to come up with really creative ideas, but also need to manage risks and costs. Or they might want to involve a lot of people in the process, but also need to make sure everyone is on the same page. Design thinking can help teams navigate those kinds of trade-offs and find the right balance."
207,10,20,,2,"Oh, I see. That sounds really helpful."
208,10,20,,1,"Yeah, it can be a powerful tool for any organization that wants to stay competitive and stay ahead of the curve. So if you're looking to come up with new ideas and make them a reality, it might be worth giving design thinking a try."
209,10,20,,2,Thanks for explaining it to me. I think I have a better understanding now.
210,10,20,,1,"No problem, happy to help. And remember, the key is to stay open-minded and keep trying new things. That's how you'll come up with the best ideas and make the biggest impact."
211,10,20,,1,Hey
212,10,20,,2,"It's going good, but I still have lots of questions."
213,10,20,,1,"Well, don't worry. We'll work through them together. What's on your mind today?"
214,10,20,,2,"I was reading this article about design thinking and innovation, and I don't understand some things."
215,10,20,,1,"Okay, let's take a look. What's confusing you?"
216,10,20,,2,"Well, it talks about trade-offs and tensions, and how design thinking can help with them. But I don't know what these words mean in this context."
217,10,20,,1,"Ah, got it. A trade-off is when you have to choose between two things, and you can't have both. For example, if you want to have a long vacation but also save money, you might have to trade off one for the other."
218,10,20,,2,"Oh, okay. And what about tension?"
219,10,20,,1,"Tension is when there are conflicting forces or opposing ideas that create a sense of stress or strain. So in the context of this article, it might be the tension between the need for stability and efficiency in a stable environment, and the value of variation and openness in an unstable world."
220,10,20,,2,"Ah, I see. That makes more sense now."
221,10,20,,1,Great! Is there anything else you'd like to know?
222,10,20,,2,"Yeah, I'm still not sure I understand what the author means by ""social technology."""
223,10,20,,1,"A social technology is a combination of tools and insights that can be applied to a work process to improve it. So in this case, the author is saying that design thinking is a social technology that can unleash people's creative energies, win their commitment, and improve processes, just like total quality management did for manufacturing in the 1980s."
224,10,20,,2,"Oh, I get it now. Thanks for explaining."
225,10,20,,1,No problem. I'm here to help. Is there anything else you'd like to know?
226,10,20,,2,"No, I think that's it for now. Thanks for your help!"
227,10,20,,1,Always happy to assist. Let me know if you have any more questions.
228,10,21,,1,"Alright, so what do you think about this article on design thinking and innovation?"
229,10,21,,2,"To be honest, I'm not really sure. It's a bit confusing for me."
230,10,21,,1,"No problem, that's what I'm here for. Let's start by breaking it down. So, what is design thinking?"
231,10,21,,2,"It's a way of organizing work that can lead to improvements, like total quality management did for manufacturing in the 1980s."
232,10,21,,1,Right! And how does it do that?
233,10,21,,2,It combines tools with the idea that people can do higher level work than they usually are asked to.
234,10,21,,1,"Exactly. And the author mentions that design thinking has the potential to unleash people's full creative energies, win their commitment, and improve processes. So it's not just about the tools, but also the insights and perspectives that come with them."
235,10,21,,2,"Okay, I think I understand. So it's not just about following a set of steps, but also about being creative and thinking outside the box."
236,10,21,,1,"That's right. And the article mentions some of the challenges that organizations often face when trying to innovate, like finding superior solutions, managing risks and costs, and gaining employee buy-in. Design thinking can help with all of these challenges by encouraging diverse perspectives, user-driven criteria, and experimentation."
237,10,21,,2,"Got it. So it's not just about coming up with new ideas, but also about making sure they are practical and feasible, and that everyone is on board."
238,10,21,,1,"Exactly. And the author also talks about the tension between the need for stability and efficiency in a stable environment, and the value of variation and openness in an unstable world. Innovation requires a balance between these two extremes."
239,10,21,,2,"Wow, that's a lot to think about. But it does make sense."
240,10,21,,1,"Yeah, it can be a complex process. But the key is to have a clear process and tools to manage the trade-offs and tensions inherent in innovation."
241,10,21,,2,"Okay, I think I have a better understanding now. Thanks for explaining it to me."
242,10,21,,1,"No problem. Anytime. Just remember, innovation is all about finding creative ways to improve and grow. So don't be afraid to think outside the box and try new things."
243,11,22,,1,Hi there! I'm glad you're interested in learning more about building a successful service business. Do you have any specific questions or areas you'd like to focus on?
244,11,22,,2,"Yes, I have many questions. I want to know about how to manage customers and employees."
245,11,22,,1,"Great, those are important elements of the service model. Let's start with customer management. It's crucial to ensure that your customers have a positive experience with your service and that their needs are met. This can involve things like providing excellent customer service, offering multiple communication channels for customers to reach out to you, and regularly soliciting feedback to improve the service."
246,11,22,,2,How do I manage employees?
247,11,22,,1,"Managing employees in a service business is similar to managing them in any other business, but there are some unique considerations. It's important to ensure that your employees are properly trained and equipped to deliver the service effectively and efficiently. This may involve setting clear expectations, providing ongoing support and development opportunities, and recognizing and rewarding good performance. It's also important to establish strong lines of communication between employees and management, so that everyone is on the same page and working towards the same goals."
248,11,22,,2,What about funding? How do I get money for my business?
249,11,22,,1,"Funding is an important aspect of any business, and there are many ways to obtain it. Some options include seeking loans or investments from financial institutions or individual investors, applying for grants or funding from government or private organizations, or generating revenue through the sale of your service. It's important to carefully consider which funding options are the most appropriate for your business and to create a solid financial plan to ensure that you have the resources you need to succeed."
250,11,22,,2,"Thank you, I understand now. Can you tell me more about the offering?"
251,11,22,,1,"Absolutely! The offering is the service that you provide to your customers. It's important to design your offering to effectively meet the needs and desires of an attractive group of customers. This may involve considering factors such as convenience, scope, pricing, or other attributes that your customers value. It's also important to continually evaluate and refine your offering to ensure that it remains relevant and meets the evolving needs of your customers."
252,11,23,,1,"Hello, coach. I am having trouble understanding this article about service businesses. Can you help me?"""
253,11,23,,2,"Of course! Don't worry, we'll break it down together. So, a service business is a company that provides services instead of physical products to their customers. Got it?"
254,11,23,,1,"Yes, I understand."""
255,11,23,,2,"Great! Now, these businesses have to manage four different things to be successful. Can you guess what they are?"""
256,11,23,,1,"I'm not sure."""
257,11,23,,2,"""Okay, let me give you a hint. One of them is the service that the business provides. Another is the employees who deliver the service. A third is the customers who use the service. And the fourth is the money needed to support the service. Can you put those together to come up with the four things?"""
258,11,23,,1,"""Oh, the offering, the employee management system, the customer management system, and the funding mechanism!"""
259,11,23,,2,"""Exactly! And it's important for all of these elements to work together effectively in order to build a successful service business. Do you understand now?"""
260,11,23,,1,"""Yes, I think so. Thank you, coach."""
261,11,23,,2,"""No problem! If you have any more questions, just let me know. And remember, don't be afraid to ask for help. That's what I'm here for!"""
262,11,24,insecure,1,"Hi, um, I'm really nervous about speaking in front of people. My English skills aren't very good either."
263,11,24,encouraging,2,"Hi there! Don't worry, everyone gets nervous when they have to speak in front of others. It's completely natural. And as for your English skills, don't worry about that either. We all have areas where we feel less confident, but the key is to focus on what you're good at and build on those strengths."
264,11,24,,1,"Yeah, I guess you're right. It's just that I feel like I'm always messing up or saying the wrong th"
265,11,24,,2,"That's completely normal too. We all make mistakes and it's a natural part of learning and growing. The important thing is to not let those mistakes hold you back. Instead, use them as opportunities to learn and improve. And remember, you have a lot of strengths and skills that you can draw on. So don't be too hard on yourself."
266,11,24,,1,"Okay, I'll try to remember that. Thanks for the encouragement."
267,11,24,,2,"Absolutely! That's what I'm here for. And if you ever need any extra support or guidance, don't hesitate to reach out. I'm always here to help you succeed."
268,11,25,,1,"Hi, I'm really nervous about this business coaching session. I'm not very confident in my English skills and I don't feel like I have much to contribute."
269,11,25,,2,"Hi there! Don't worry at all about your English skills. We're here to work on your business ideas and to help you grow as a professional, not to judge your language abilities. And everyone has something valuable to contribute, no matter how experienced they are. So let's get started and see what we can accomplish together!"
270,11,25,,1,"OK, well I'm not really sure where to start. I don't have a specific business idea yet, I just know I want to start my own business someday."
271,11,25,,2,That's totally fine! Starting a business is a process and it's completely normal to not have all the details figured out at the beginning. Let's start by brainstorming some ideas and seeing what sparks your interest. Do you have any hobbies or passions that you could turn into a business?
272,11,25,,1,"Well, I really enjoy cooking and I'm always trying out new recipes at home. Maybe I could start a catering business or a food truck?"
273,11,25,,2,That's a great idea! What about your target market? Who do you envision being your customers?
274,11,25,,1,"I'm not sure, maybe people in my community who are looking for healthy and affordable meal options?"
275,11,25,upbeat,2,Perfect! That's a great start. Now let's think about your strengths and how they could contribute to your business. What skills do you have that could be useful in the catering industry?
276,11,25,,1,I'm a pretty organized person and I'm good at following recipes. I'm also a fast learner and I'm always willing to try new things.
277,11,25,,2,Those are all excellent qualities for a business owner. Do you have any experience working in a kitchen or in the food industry?
278,11,25,,1,"Not really, just some home cooking and baking."
279,11,25,,2,"That's not a problem at all. Starting a business is all about learning and growing. And with your strong organizational skills and willingness to learn, I have no doubt you'll be able to succeed in the catering industry. Let's work on creating a business plan and identifying any potential challenges or opportunities. With some hard work and determination, I know you can turn your passion for cooking into a successful business."